{
  "experiment": "baseline",
  "ragas_metrics": {
    "faithfulness": 1.0,
    "answer_relevancy": 0.41495557111575465,
    "context_precision": 0.47222222219564813,
    "context_recall": 0.52
  },
  "per_claim_support_rate": 0.8974358974358975,
  "n_cases": 25,
  "n_claims_checked": 39
}